364876,364876,マスカレード・ホテル,(2018)
365575,365575,十二人の死にたい子どもたち,(2018)
364877,364877,七つの会議,(2018)
364404,364404,ボヘミアン・ラプソディ,(2018)
364754,364754,雪の華,(2018)
365402,365402,メリー・ポピンズ リターンズ,(2018)
365131,365131,デイアンドナイト,(2018)
364358,364358,こんな夜更けにバナナかよ　愛しき実話,(2018)
364542,364542,映画刀剣乱舞,(2019)
365936,365936,サスペリア,(2018)
364940,364940,愛唄 －約束のナクヒト－,(2018)
334187,334187,僕の初恋をキミに捧ぐ,(2009)
365951,365951,サイバー・ミッション,(2018)
364566,364566,アリー／ スター誕生,(2018)
366068,366068,ミスター・ガラス,(2018)
364568,364568,そらのレストラン,(2018)
365636,365636,がっこうぐらし！,(2018)
366124,366124,フロントランナー,(2018)
363620,363620,PSYCHO-PASS サイコパス Sinners of the System Case.1 罪と罰,(2018)
364743,364743,クリード　炎の宿敵,(2018)
365718,365718,あした世界が終わるとしても,(2019)
23378,23378,メリー・ポピンズ,(1964)
365064,365064,劇場版 「Fate／stay night [Heaven’s Feel] II.lost butterfly」,(2019)
363762,363762,シュガー・ラッシュ：オンライン,(2018)
363668,363668,ドラゴンボール超（スーパー）　ブロリー,(2018)
356251,356251,ローグ・ワン／スター・ウォーズ・ストーリー,(2016)
342071,342071,ハングリー・ラビット,(2011)
365697,365697,バジュランギおじさんと、小さな迷子,(2015)
357423,357423,ぼくは明日、昨日のきみとデートする,(2016)
365271,365271,TAXi ダイヤモンド・ミッション,(2018)
363764,363764,カメラを止めるな！,(2018)
365483,365483,天才作家の妻 -40年目の真実-,(2019)
348085,348085,オール・ユー・ニード・イズ・キル,(2014)
365483,365483,天才作家の妻 -40年目の真実-,(2019)
365271,365271,TAXi ダイヤモンド・ミッション,(2018)
320424,320424,きみに読む物語,(2004)
365345,365345,マイル22,(2018)
365007,365007,ファースト・マン,(2018)
83436,83436,フィフス・エレメント,(1997)
365427,365427,赤い雪　Red Snow,(2017)
349221,349221,インターステラー,(2014)
365674,365674,ヴィクトリア女王 最期の秘密,(2017)
362706,362706,レディ・プレイヤー1,(2018)
365346,365346,ナチス第三の男,(2017)
365823,365823,チワワちゃん,(2019)
365832,365832,めんたいぴりり,(2018)
340410,340410,スティーヴ・オースティン　ザ・ハンティング,(2010)
361326,361326,グレイテスト・ショーマン,(2017)
8635,8635,サスペリア,(1977)
159314,159314,ジャンヌ・ダルク,(1999)
363753,363753,劇場版シティーハンター 〈新宿プライベート・アイズ〉,(2019)
10248,10248,シャイニング,(1980)
364574,364574,蜘蛛の巣を払う女,(2018)
365661,365661,劇場版 リケ恋～理系が恋に落ちたので証明してみた。～,(2018)
22166,22166,マッキントッシュの男,(1972)
363013,363013,ラブライブ！サンシャイン！！　The School Idol Movie Over the Rainbow,(2019)
358727,358727,ラ・ラ・ランド,(2016)
356332,356332,何者,(2016)
365783,365783,バハールの涙,(2018)
342552,342552,ネイビーシールズ,(2012)
366093,366093,がんになる前に知っておくこと,(2018)
84314,84314,ダイヤルM,(1998)
239388,239388,9デイズ,(2002)
366830,366830,グラビティ　繰り返される宇宙,(2018)
355381,355381,後妻業の女,(2016)
365780,365780,夜明け,(2018)
363669,363669,ファンタスティック・ビーストと黒い魔法使いの誕生,(2018)
363376,363376,来る,(2018)
362741,362741,未来のミライ,(2018)
239898,239898,ブラッド・ワーク,(2002)
364352,364352,ジュリアン,(2017)
360432,360432,DESTINY 鎌倉ものがたり,(2017)
365775,365775,LOVEHOTELに於ける情事とPLANの涯て,(2018)
364768,364768,ニセコイ,(2018)
349144,349144,グレース・オブ・モナコ　公妃の切り札,(2014)
5371,5371,木と市長と文化会館／または七つの偶然,(1992)
356389,356389,怒り,(2016)
365245,365245,翔んで埼玉,(2019)
365201,365201,平成仮面ライダー20作記念　仮面ライダー平成ジェネレーションズ FOREVER,(2018)
348084,348084,渇き。,(2014)
327435,327435,歌謡曲だよ、人生は,(2007)
338158,338158,イップ・マン　序章,(2008)
359506,359506,スプリット,(2017)
342984,342984,レ・ミゼラブル,(2012)
358951,358951,君の膵臓をたべたい,(2017)
364313,364313,MEG ザ・モンスター,(2018)
6868,6868,刑事ジョン・ブック／目撃者,(1985)
364992,364992,ライ麦畑の反逆児　ひとりぼっちのサリンジャー,(2017)
364878,364878,フォルトゥナの瞳,(2018)
86718,86718,Love Letter,(1995)
353432,353432,サバイバー,(2015)
347316,347316,愛の渦,(2014)
357281,357281,3月のライオン　前編,(2017)
350500,350500,劇場版 PSYCHO-PASS サイコパス,(2014)
10909,10909,ショーシャンクの空に,(1994)
365598,365598,グリーンブック,(2018)
360948,360948,リメンバー・ミー,(2017)
362721,362721,娼年,(2017)
365666,365666,家へ帰ろう,(2017)
341941,341941,私の叔父さん,(2012)
366255,366255,九月の恋と出会うまで,(2019)
25289,25289,レオン,(1994)
365787,365787,ともしび,(2017)
361755,361755,空飛ぶタイヤ,(2018)
361822,361822,孤狼の血,(2017)
320647,320647,いま、会いにゆきます,(2004)
362951,362951,アリータ：バトル・エンジェル,(2018)
342071,342071,ハングリー・ラビット,(2011)
51820,51820,グース,(1996)
333518,333518,エスター,(2009)
362533,362533,恋は雨上がりのように,(2018)
329594,329594,最高の人生の見つけ方,(2007)
319038,319038,レジェンド・オブ・メキシコ／デスペラード,(2003)
366371,366371,闇の歯車,(2019)
346052,346052,グランド・イリュージョン,(2013)
237082,237082,青い春,(2001)
359060,359060,LION／ライオン　～25年目のただいま～,(2016)
321766,321766,バタフライ・エフェクト,(2004)
365099,365099,女王陛下のお気に入り,(2018)
350341,350341,百円の恋,(2014)
336818,336818,悪人,(2010)
363357,363357,万引き家族,(2018)
327923,327923,TAXi(4),(2007)
351330,351330,あん,(2015)
325271,325271,プラダを着た悪魔,(2006)
362633,362633,切り裂き魔ゴーレム,(2016)
325136,325136,バベル,(2006)
17608,17608,パーフェクト ワールド,(1993)
17608,17608,パーフェクト ワールド,(1993)
234857,234857,GO,(2001)
356166,356166,劇場版 「Fate／stay night [Heaven’s Feel] I.presage flower」,(2017)
361374,361374,羊の木,(2017)
345047,345047,きっと、うまくいく,(2009)
365497,365497,二階堂家物語,(2018)
358996,358996,ムーンライト,(2016)
357209,357209,銀魂,(2017)
358526,358526,ドント・ブリーズ,(2016)
341728,341728,ヘルタースケルター,(2012)
354167,354167,クリード　チャンプを継ぐ男,(2015)
350927,350927,セッション,(2014)
366286,366286,映画 コラショの海底わくわく大冒険！,(2019)
366732,366732,ビルド NEW WORLD　仮面ライダークローズ,(2018)
347686,347686,それでも夜は明ける,(2013)
364077,364077,洗骨,(2018)
364077,364077,洗骨,(2018)
349444,349444,イコライザー,(2014)
350237,350237,あと1センチの恋,(2014)
344055,344055,キャリー,(2013)
352951,352951,アイアムアヒーロー,(2015)
351031,351031,イニシエーション・ラブ,(2015)
366764,366764,ザ・スリープ・カース,(2017)
151805,151805,きらきらひかる,(1992)
330434,330434,ハンコック,(2008)
329978,329978,ミスト,(2007)
353643,353643,クリーピー　偽りの隣人,(2016)
343806,343806,ハード・ソルジャー　炎の奪還,(2012)
344802,344802,共喰い,(2013)
366833,366833,スネーク・アウタ・コンプトン,(2018)
361665,361665,ブラックパンサー,(2018)
355360,355360,ルーム,(2015)
349124,349124,アバウト・タイム　～愛おしい時間について～,(2013)
366583,366583,眠る村,(2018)
348867,348867,進撃の巨人 ATTACK ON TITAN,(2015)
340721,340721,50／50  フィフティ・フィフティ,(2011)
365184,365184,アイ・フィール・プリティ！ 人生最高のハプニング,(2018)
365676,365676,未来を乗り換えた男,(2018)
343761,343761,シュガー・ラッシュ,(2012)
335610,335610,渋谷,(2009)
360445,360445,スター・ウォーズ／最後のジェダイ,(2017)
334895,334895,ボーイズ・オン・ザ・ラン,(2009)
364123,364123,プーと大人になった僕,(2018)
359024,359024,パッセンジャー,(2016)
364295,364295,日日是好日,(2018)
338159,338159,イップ・マン　葉問,(2010)
28680,28680,ユージュアル・サスペクツ,(1995)
366832,366832,NUMBER37　ナンバー37,(2018)
365413,365413,パッドマン　5億人の女性を救った男,(2018)
346369,346369,カノジョは嘘を愛しすぎてる,(2013)
365412,365412,半世界,(2018)
18665,18665,パルプ・フィクション,(1994)
84202,84202,TAXi,(1997)
345056,345056,HK／変態仮面,(2013)
366340,366340,誰がための日々,(2016)
335612,335612,告白,(2010)
332771,332771,HACHI 約束の犬,(2008)
363117,363117,ウインド・リバー,(2017)
335747,335747,アウトレイジ,(2010)
363528,363528,ペンギン・ハイウェイ,(2018)
364959,364959,この道,(2018)
362181,362181,スリー・ビルボード,(2017)
354499,354499,映画 「聲の形」,(2016)
355058,355058,君の名は。,(2016)
328487,328487,人が人を愛することのどうしようもなさ,(2007)
14978,14978,ディア・ハンター,(1978)
355757,355757,ファンタスティック・ビーストと魔法使いの旅,(2016)
364724,364724,それだけが、僕の世界,(2018)
366264,366264,僕の彼女は魔法使い,(2019)
84896,84896,ライフ・イズ・ビューティフル,(1998)
159310,159310,ランダム・ハーツ,(1999)
360428,360428,亜人,(2017)
345723,345723,男子高校生の日常,(2013)
365484,365484,劇場版 ダーウィンが来た！ アフリカ新伝説,(2018)
237033,237033,ビューティフル・マインド,(2001)
364211,364211,人魚の眠る家,(2018)
360115,360115,彼女がその名を知らない鳥たち,(2017)
334768,334768,ゴールデンスランバー,(2009)
347865,347865,青天の霹靂,(2014)
361372,361372,不能犯,(2017)
361372,361372,不能犯,(2017)
26251,26251,ワンス・アポン・ア・タイム・イン・アメリカ,(1984)
341701,341701,最強のふたり,(2011)
336633,336633,君に届け,(2010)
357312,357312,ザ・ギフト,(2015)
362775,362775,ミスミソウ,(2017)
346774,346774,子宮に沈める,(2013)
361841,361841,シェイプ・オブ・ウォーター,(2017)
350277,350277,ゴーン・ガール,(2014)
362712,362712,ジュラシック・ワールド／炎の王国,(2018)
338243,338243,ファンタスティック Mr.FOX,(2009)
343233,343233,ヱヴァンゲリヲン新劇場版：Q,(2012)
331109,331109,愛のむきだし,(2008)
358668,358668,雨の日は会えない、晴れた日は君を想う,(2015)
364767,364767,スマホを落としただけなのに,(2018)
332669,332669,イエスマン “YES”は人生のパスワード,(2008)
365907,365907,ROMA／ローマ,(2018)
360576,360576,あゝ、荒野　前篇,(2017)
365983,365983,英国ロイヤル・オペラ・ハウス シネマシーズン2018／19／ロイヤル・バレエ　「くるみ割り人形」,(2019)
358947,358947,帝一の國,(2017)
351950,351950,ピース オブ ケイク,(2015)
363119,363119,焼肉ドラゴン,(2018)
28627,28627,ジュマンジ,(1995)
350926,350926,イミテーション・ゲーム／エニグマと天才数学者の秘密,(2014)
355581,355581,セトウツミ,(2016)
365487,365487,メアリーの総て,(2017)
363462,363462,ワンダー 君は太陽,(2017)
328125,328125,恋空,(2007)
359771,359771,三度目の殺人,(2017)
361739,361739,否定と肯定,(2016)
358894,358894,コードギアス 復活のルルーシュ,(2019)
366223,366223,500年の航海,(2017)
237383,237383,ピンポン,(2002)
346124,346124,ルームメイト,(2013)
366788,366788,ドキュメンターテイメント AD-LIVE,(2019)
362464,362464,いぬやしき,(2018)
353452,353452,orange－オレンジ－,(2015)
365512,365512,私は、マリア・カラス,(2017)
350453,350453,シェフ　三ツ星フードトラック始めました,(2014)
361498,361498,gifted／ギフテッド,(2017)
336110,336110,キャタピラー,(2010)
366552,366552,ナディアの誓い－On Her Shoulders,(2018)
359716,359716,パトリオット・デイ,(2016)
325097,325097,どろろ,(2007)
362220,362220,レッド・スパロー,(2018)
365774,365774,ホイットニー ～オールウェイズ・ラヴ・ユー～,(2018)
350843,350843,プリデスティネーション,(2014)
366031,366031,ブラック・クランズマン,(2018)
364143,364143,銀魂2　掟は破るためにこそある,(2018)
365854,365854,ちいさな独裁者,(2017)
339056,339056,デンデラ,(2011)
330177,330177,蛇にピアス,(2008)
363021,363021,50回目のファーストキス,(2018)
8641,8641,さすらいの一匹狼,(1966)
356895,356895,忍びの国,(2017)
350112,350112,駆込み女と駆出し男,(2015)
338475,338475,八日目の蝉,(2011)
348862,348862,ソロモンの偽証　前篇・事件,(2015)
346152,346152,永遠の0,(2013)
153229,153229,失楽園,(1997)
361686,361686,去年の冬、きみと別れ,(2018)
333017,333017,チェイサー,(2008)
357845,357845,斉木楠雄のΨ難,(2017)
364005,364005,クワイエット・プレイス,(2018)
236086,236086,アメリ,(2001)
359180,359180,新感染　ファイナル・エクスプレス,(2016)
360444,360444,アウトレイジ 最終章,(2017)
365276,365276,ヘレディタリー／継承,(2018)
349217,349217,神さまの言うとおり,(2014)
365755,365755,キングダム,(2019)
362553,362553,二十六夜待ち,(2017)
361110,361110,祈りの幕が下りる時,(2017)
337910,337910,白夜行,(2010)
354576,354576,僕だけがいない街,(2016)
365578,365578,喜望峰の風に乗せて,(2017)
323683,323683,ゲルマニウムの夜,(2005)
337428,337428,［リミット］,(2010)
356327,356327,湯を沸かすほどの熱い愛,(2016)
362605,362605,ウィンストン・チャーチル／ヒトラーから世界を救った男,(2017)
347420,347420,白ゆき姫殺人事件,(2014)
358506,358506,美女と野獣,(2017)
19931,19931,フォレスト・ガンプ／一期一会,(1994)
342785,342785,悪の教典,(2012)
364637,364637,映画 妖怪ウォッチ　FOREVER FRIENDS,(2018)
363857,363857,愛と銃弾,(2017)
365789,365789,ゴールデンスランバー,(2018)
325438,325438,デジャヴ,(2006)
358472,358472,人生フルーツ,(2016)
7631,7631,ゴースト／ニューヨークの幻,(1990)
324899,324899,イルマーレ,(2006)
352299,352299,ジョン・ウィック,(2014)
241196,241196,TAXi(3),(2003)
361224,361224,ヴェンジェンス,(2017)
326294,326294,パンズ・ラビリンス,(2006)
19331,19331,日の名残り,(1993)
348885,348885,パニック・トレイン,(2013)
354473,354473,ボーダーライン,(2015)
353459,353459,残穢【ざんえ】　－住んではいけない部屋－,(2015)
342353,342353,TEST10　テスト10,(2011)
344303,344303,夏の終り,(2012)
361109,361109,嘘を愛する女,(2018)
362337,362337,ラプラスの魔女,(2018)
348963,348963,ぶどうのなみだ,(2014)
364183,364183,グリンチ,(2018)
363101,363101,センセイ君主,(2018)
359262,359262,光をくれた人,(2016)
363392,363392,オーシャンズ8,(2018)
363223,363223,ミッション：インポッシブル／フォールアウト,(2018)
364528,364528,ザ・プレデター,(2018)
7304,7304,恋におちて,(1984)
162057,162057,バトル・ロワイアル,(2000)
354843,354843,ミュージアム,(2016)
338199,338199,婚前特急,(2011)
354552,354552,アズミ・ハルコは行方不明,(2016)
356055,356055,帰ってきたヒトラー,(2015)
357444,357444,造られた殺人,(2015)
358949,358949,昼顔,(2017)
364506,364506,コールド・スキン,(2017)
361801,361801,ボス・ベイビー,(2017)
350752,350752,マッドマックス　怒りのデス・ロード,(2015)
363207,363207,トレイン・ミッション,(2018)
325646,325646,手紙,(2006)
343472,343472,ドリームハウス,(2011)
347542,347542,ローン・サバイバー,(2013)
349189,349189,イントゥ・ザ・ストーム,(2014)
347428,347428,オッド・トーマス　死神と奇妙な救世主,(2013)
354944,354944,世界から猫が消えたなら,(2016)
366734,366734,ザ・マミー,(2017)
326658,326658,アヒルと鴨のコインロッカー,(2006)
360403,360403,トモダチゲーム　劇場版,(2017)
365785,365785,MOST BEAUTIFUL ISLAND　モースト・ビューティフル・アイランド,(2017)
358948,358948,ちょっと今から仕事やめてくる,(2017)
239980,239980,黄泉がえり,(2002)
353489,353489,植物図鑑　運命の恋、ひろいました,(2015)
84338,84338,トゥルーマン・ショー,(1998)
350535,350535,くちびるに歌を,(2014)
349125,349125,バクマン。,(2015)
319259,319259,下妻物語,(2004)
337581,337581,塔の上のラプンツェル,(2010)
343628,343628,私の奴隷になりなさい,(2012)
363991,363991,死の谷間,(2015)
351033,351033,ジュラシック・ワールド,(2015)
329231,329231,NEXT －ネクスト－,(2007)
234817,234817,メメント,(2000)
336172,336172,ノルウェイの森,(2010)
365739,365739,マチルド、翼を広げ,(2017)
362746,362746,15時17分、パリ行き,(2018)
347874,347874,私の男,(2013)
330418,330418,容疑者Xの献身,(2008)
159307,159307,ファイト・クラブ,(1999)
19348,19348,ビバリーヒルズ・コップ3,(1994)
51452,51452,ファーゴ,(1996)
152083,152083,高校教師,(1993)
11457,11457,シンドラーのリスト,(1993)
361609,361609,IT／イット “それ”が見えたら、終わり。,(2017)
328746,328746,人のセックスを笑うな,(2007)
334208,334208,（500）日のサマー,(2009)
363010,363010,劇場版　幼女戦記,(2019)
344562,344562,パシフィック・リム,(2013)
16981,16981,ニュー・シネマ・パラダイス,(1989)
352927,352927,ヴィンセントが教えてくれたこと,(2014)
363849,363849,チャンブラにて,(2017)
350077,350077,はじまりのうた,(2013)
362547,362547,友罪,(2017)
54693,54693,ザ・エージェント,(1996)
349551,349551,紙の月,(2014)
353403,353403,マイ・インターン,(2015)
341959,341959,ハンガー・ゲーム,(2012)
337671,337671,わたしを離さないで,(2010)
362606,362606,君の名前で僕を呼んで,(2017)
10038,10038,シティーハンター,(1993)
353758,353758,通学シリーズ　通学電車,(2015)
364079,364079,アントマン＆ワスプ,(2018)
352571,352571,Mr．タスク,(2014)
85349,85349,シックス・センス,(1999)
360199,360199,ジェーン・ドウの解剖,(2016)
338676,338676,SUPER 8／スーパーエイト,(2011)
361302,361302,ゲット・アウト,(2017)
18934,18934,ビートルズ／レット・イット・ビー,(1970)
7931,7931,ゴッドファーザー,(1972)
343507,343507,オズ　はじまりの戦い,(2013)
339931,339931,アジョシ,(2010)
319767,319767,エターナル・サンシャイン,(2004)
5546,5546,キャリー,(1976)
240127,240127,キャッチ・ミー・イフ・ユー・キャン,(2002)
237220,237220,ノー・マンズ・ランド,(2001)
361799,361799,リベンジgirl,(2017)
353463,353463,ヴィジット,(2015)
329681,329681,アフタースクール,(2008)
348641,348641,この世界の片隅に,(2016)
340019,340019,ドラゴン・タトゥーの女,(2011)
28593,28593,セブン,(1995)
358206,358206,スノーデン,(2016)
28593,28593,セブン,(1995)
19784,19784,フィラデルフィア,(1993)
365013,365013,イコライザー2,(2018)
360723,360723,リヴォルト,(2017)
360290,360290,光,(2017)
337503,337503,バーレスク,(2010)
358130,358130,メッセージ,(2016)
361565,361565,今夜、ロマンス劇場で,(2018)
325096,325096,シュガー＆スパイス　風味絶佳,(2006)
325467,325467,ホステル,(2005)
344503,344503,PARKER／パーカー,(2013)
14706,14706,チャンス,(1979)
365117,365117,souvenir the movie　～Mariya Takeuchi Theater Live～,(2018)
357981,357981,愚行録,(2016)
364118,364118,機動戦士ガンダムNT（ナラティブ）,(2018)
355574,355574,デッドプール,(2016)
360962,360962,僕のワンダフル・ライフ,(2016)
353045,353045,パージ,(2013)
84307,84307,プライベート・ライアン,(1998)
358960,358960,しゃぼん玉,(2016)
337733,337733,ブラック・スワン,(2010)
360709,360709,オリエント急行殺人事件,(2017)
365075,365075,search／サーチ,(2018)
361610,361610,彼女が目覚めるその日まで,(2016)
361068,361068,ジャスティス・リーグ,(2017)
359752,359752,奥田民生になりたいボーイと出会う男すべて狂わせるガール,(2017)
355711,355711,溺れるナイフ,(2016)
332569,332569,パッセンジャーズ,(2008)
360354,360354,ユリゴコロ,(2017)
83681,83681,ゲーム,(1997)
341931,341931,横道世之介,(2012)
363846,363846,シシリアン・ゴースト・ストーリー,(2017)
341931,341931,横道世之介,(2012)
358663,358663,人魚姫,(2016)
334832,334832,インセプション,(2010)
340698,340698,しあわせのパン,(2011)
343724,343724,LOOPER／ルーパー,(2012)
361984,361984,デトロイト,(2017)
339773,339773,沈黙の宿命　TRUE JUSTICE PART1,(2010)
347492,347492,そこのみにて光輝く,(2013)
347867,347867,L・DK,(2014)
325630,325630,パプリカ,(2006)
345040,345040,モンスター,(2013)
326308,326308,さくらん,(2007)
362717,362717,僕のヒーローアカデミア THE MOVIE　～2人の英雄（ヒーロー）～,(2018)
344646,344646,オブリビオン,(2013)
360430,360430,ミックス。,(2017)
362717,362717,僕のヒーローアカデミア THE MOVIE　～2人の英雄（ヒーロー）～,(2018)
346538,346538,ラスト・デイズ,(2013)
332362,332362,愛を読むひと,(2008)
318677,318677,デイ・アフター・トゥモロー,(2004)
241441,241441,ジョゼと虎と魚たち,(2003)
351972,351972,誘拐の掟,(2014)
342770,342770,カラスの親指,(2012)
84828,84828,パッチ・アダムス　トゥルー・ストーリー,(1998)
361666,361666,最低。,(2017)
362261,362261,羊と鋼の森,(2017)
321822,321822,50回目のファースト・キス,(2004)
83641,83641,タイタニック,(1997)
353722,353722,Re:LIFE～リライフ～,(2014)
325794,325794,カオス,(2005)
358077,358077,ダンケルク,(2017)
360861,360861,ベイビー・ドライバー,(2017)
320084,320084,誰も知らない,(2004)
318533,318533,ペイチェック　消された記憶,(2003)
326860,326860,リトル・チルドレン,(2006)
360062,360062,ラストレシピ ～麒麟の舌の記憶～,(2017)
20313,20313,ブラック・レイン,(1989)
329605,329605,ダークナイト,(2008)
357980,357980,BLEACH,(2018)
364340,364340,生きてるだけで、愛。,(2018)
363716,363716,劇場版総集編【後編】メイドインアビス 放浪する黄昏,(2019)
353152,353152,キングスマン,(2014)
361679,361679,オー・ルーシー！,(2017)
358397,358397,チア☆ダン ～女子高生がチアダンスで全米制覇しちゃったホントの話～,(2017)
342236,342236,先生を流産させる会,(2011)
357346,357346,世界一キライなあなたに,(2016)
363102,363102,検察側の罪人,(2018)
364545,364545,エリック・クラプトン～12小節の人生～,(2017)
355380,355380,葛城事件,(2016)
334301,334301,シャッター アイランド,(2009)
352900,352900,秘密　THE TOP SECRET,(2016)
366007,366007,スパイダーマン：スパイダーバース,(2018)
365155,365155,恐怖の報酬【オリジナル完全版】,(1977)
365425,365425,かぞくわり,(2018)
361183,361183,さよならの朝に約束の花をかざろう,(2018)
362550,362550,ガーディアンズ,(2017)
365752,365752,ゴッズ・オウン・カントリー,(2017)
326504,326504,ホリデイ,(2006)
83437,83437,コンタクト,(1997)
357140,357140,東京喰種　トーキョーグール,(2017)
329767,329767,ハプニング,(2008)
325435,325435,守護神,(2006)
355482,355482,日本で一番悪い奴ら,(2016)
362613,362613,名探偵コナン　ゼロの執行人（しっこうにん）,(2018)
149257,149257,Wの悲劇,(1984)
334300,334300,私の中のあなた,(2009)
236645,236645,キューティ・ブロンド,(2001)
350989,350989,日本のいちばん長い日,(2015)
341202,341202,ライアーゲーム －再生－,(2012)
358068,358068,サバイバルファミリー,(2017)
360632,360632,バイバイマン,(2017)
343391,343391,キャビン,(2011)
348581,348581,ハミングバード,(2012)
342201,342201,苦役列車,(2012)
341035,341035,ものすごくうるさくて、ありえないほど近い,(2011)
351899,351899,HERO,(2015)
318898,318898,白いカラス,(2003)
344647,344647,アンナ・カレーニナ,(2012)
20201,20201,プライベイトレッスン,(1981)
346630,346630,ウルフ・オブ・ウォールストリート,(2013)
348088,348088,ダイバージェント,(2014)
366360,366360,バイス,(2018)
349848,349848,0.5ミリ,(2013)
361726,361726,ジュマンジ／ウェルカム・トゥ・ジャングル,(2017)
365571,365571,ヴィヴィアン・ウエストウッド　最強のエレガンス,(2018)
356506,356506,シング・ストリート　未来へのうた,(2015)
351200,351200,グラスホッパー,(2015)
321941,321941,NANA,(2005)
347931,347931,ルパン三世,(2014)
359096,359096,バッドガイズ！！,(2015)
52336,52336,ロミオ＆ジュリエット,(1996)
234048,234048,JSA,(2000)
363106,363106,ピーターラビット,(2018)
354182,354182,シン・ゴジラ,(2016)
84618,84618,アルマゲドン,(1998)
360835,360835,海底47m,(2017)
336717,336717,インシテミル　7日間のデス・ゲーム,(2010)
365269,365269,ワイルド・ストーム,(2018)
354343,354343,無限の住人,(2017)
15902,15902,時計じかけのオレンジ,(1971)
359729,359729,ナミヤ雑貨店の奇蹟,(2017)
365287,365287,ぼけますから、よろしくお願いします。,(2018)
334775,334775,きみがぼくを見つけた日,(2009)
344429,344429,世界にひとつのプレイブック,(2012)
159812,159812,グリーンマイル,(1999)
364894,364894,ブッシュウィック －武装都市－,(2017)
365988,365988,キャプテン・マーベル,(2019)
353728,353728,カンフー・ジャングル,(2014)
396,396,蒼い衝動,(1985)
340423,340423,ミッション：8ミニッツ,(2011)
335133,335133,ミレニアム　ドラゴン・タトゥーの女,(2009)
366365,366365,運び屋,(2018)
347762,347762,劇場版 しまじろうのわお！　しまじろうと くじらのうた,(2014)
347864,347864,WOOD JOB！（ウッジョブ）～神去なあなあ日常～,(2014)
361806,361806,アベンジャーズ／インフィニティ・ウォー,(2018)
338752,338752,奇跡,(2011)
358205,358205,沈黙 －サイレンス－,(2016)
362501,362501,ペンタゴン・ペーパーズ／最高機密文書,(2017)
366123,366123,Be With You ～いま、会いにゆきます,(2018)
337239,337239,ヌードの夜／愛は惜しみなく奪う,(2010)
361759,361759,ジオストーム,(2017)
234685,234685,バイオハザード,(2002)
333122,333122,縞模様のパジャマの少年,(2008)
333670,333670,ソラニン,(2010)
334421,334421,さまよう刃,(2009)
349086,349086,めぐり逢わせのお弁当,(2013)
329293,329293,砂時計,(2008)
350803,350803,きみはいい子,(2014)
148244,148244,疑惑,(1982)
350931,350931,ナイトクローラー,(2014)
162566,162566,ダンサー・イン・ザ・ダーク,(2000)
19207,19207,羊たちの沈黙,(1991)
359055,359055,こどもつかい,(2016)
16329,16329,トレマーズ,(1989)
233769,233769,天使のくれた時間,(2000)
17182,17182,ネイビー・シールズ,(1990)
348035,348035,チョコレートドーナツ,(2012)
354941,354941,64-ロクヨン-前編,(2016)
336898,336898,冷たい熱帯魚,(2010)
85057,85057,八月のクリスマス,(1998)
366224,366224,サムライマラソン,(2018)
359816,359816,鋼の錬金術師,(2017)
342238,342238,鍵泥棒のメソッド,(2012)
341568,341568,ミッドナイト・イン・パリ,(2011)
333367,333367,そんな彼なら捨てちゃえば？,(2009)
22807,22807,道,(1954)
325669,325669,僕は妹に恋をする,(2006)
340345,340345,ブリッツ,(2011)
356636,356636,SCOOP！,(2016)
234824,234824,仄暗い水の底から,(2001)
237879,237879,模倣犯,(2002)
6964,6964,ケープ・フィアー,(1991)
22667,22667,ミザリー,(1990)
358670,358670,22年目の告白－私が殺人犯です－,(2017)
350923,350923,博士と彼女のセオリー,(2014)
356329,356329,アンフレンデッド,(2015)
364261,364261,母さんがどんなに僕を嫌いでも,(2018)
365270,365270,彼が愛したケーキ職人,(2017)
366605,366605,君の結婚式,(2018)
354629,354629,ヒメアノ～ル,(2015)
364896,364896,アルカディア,(2017)
362195,362195,映画クレヨンしんちゃん　爆盛！カンフーボーイズ ～拉麺大乱～,(2018)
365853,365853,マイ・ジェネレーション ロンドンをぶっとばせ！,(2017)
354629,354629,ヒメアノ～ル,(2015)
159522,159522,鉄道員（ぽっぽや）,(1999)
335126,335126,渇き,(2009)
15072,15072,ティファニーで朝食を,(1961)
18121,18121,バック・ビート,(1993)
322489,322489,サマータイムマシン・ブルース,(2005)
328271,328271,ヘアスプレー,(2007)
359809,359809,あさひなぐ,(2017)
327600,327600,ワルボロ,(2007)
331973,331973,禅　ZEN,(2008)
353113,353113,俺物語！！,(2015)
355820,355820,SING／シング,(2016)
330985,330985,コドモのコドモ,(2008)
347018,347018,鑑定士と顔のない依頼人,(2013)
361586,361586,ザ・サークル,(2017)
335282,335282,今度は愛妻家,(2009)
322040,322040,サハラ　死の砂漠を脱出せよ,(2005)
329992,329992,闇の子供たち,(2008)
357933,357933,ナイスガイズ！,(2016)
364685,364685,ローマンという名の男　－信念の行方－,(2017)
358652,358652,素晴らしきかな、人生,(2016)
87762,87762,スワロウテイル,(1996)
348592,348592,花宵道中,(2014)
363202,363202,マンマ・ミーア！ ヒア・ウィー・ゴー,(2018)
332286,332286,グラン・トリノ,(2008)
362548,362548,マンハント,(2017)
8508,8508,サウンド・オブ・ミュージック,(1965)
365073,365073,アンダー・ザ・シルバーレイク,(2018)
361036,361036,アトミック・ブロンド,(2017)
365073,365073,アンダー・ザ・シルバーレイク,(2018)
361036,361036,アトミック・ブロンド,(2017)
236636,236636,ブラックホーク・ダウン,(2001)
332430,332430,2012,(2009)
159869,159869,アメリカン・ビューティー,(1999)
354826,354826,リリーのすべて,(2015)
348793,348793,複製された男,(2013)
344605,344605,フッテージ,(2012)
336800,336800,桜田門外ノ変,(2010)
89993,89993,AKIRA,(1988)
353177,353177,杉原千畝　スギハラチウネ,(2015)
323156,323156,涙そうそう,(2006)
361736,361736,ダウンサイズ,(2017)
85258,85258,ノッティングヒルの恋人,(1999)
320649,320649,血と骨,(2004)
361265,361265,劇場版 七つの大罪　天空の囚われ人,(2018)
360429,360429,ナラタージュ,(2017)
361265,361265,劇場版 七つの大罪　天空の囚われ人,(2018)
366361,366361,飛べない鳥と優しいキツネ,(2018)
366549,366549,デス・ショット,(2018)
353426,353426,ピエロがお前を嘲笑う,(2014)
359052,359052,ワイルド・スピード ICE BREAK,(2017)
351145,351145,ミニオンズ,(2015)
345750,345750,凶悪,(2013)
366228,366228,世界でいちばん悲しいオーディション,(2018)
351660,351660,メイズ・ランナー,(2014)
365171,365171,ハード・コア,(2018)
356019,356019,ゾンビーワールドへようこそ,(2015)
356079,356079,ユーリ！！！ on ICE,(2016)
83911,83911,ガタカ,(1997)
352320,352320,皇帝のために,(2014)
333672,333672,サヨナライツカ,(2009)
83911,83911,ガタカ,(1997)
333672,333672,サヨナライツカ,(2009)
340078,340078,ツレがうつになりまして。,(2011)
365876,365876,ザ・ミスト,(2018)
359061,359061,ハクソー・リッジ,(2016)
83677,83677,フェイス／オフ,(1997)
335925,335925,しあわせの隠れ場所,(2009)
348087,348087,グランド・ブダペスト・ホテル,(2013)
338101,338101,ラブ＆ドラッグ,(2010)
340288,340288,インシディアス,(2010)
340494,340494,ヒミズ,(2011)
351936,351936,明烏　あけがらす,(2015)
358492,358492,暗黒女子,(2016)
342041,342041,桐島、部活やめるってよ,(2012)
234792,234792,殺し屋1,(2001)
21583,21583,ホテル,(1977)
22894,22894,ミッドナイト・ラン,(1988)
364938,364938,くるみ割り人形と秘密の王国,(2018)
324165,324165,東京大学物語,(2006)
363639,363639,オンリー・ザ・ブレイブ,(2017)
234690,234690,オーシャンズ11,(2001)
327866,327866,クローズZERO,(2007)
332328,332328,スラムドッグ＄ミリオネア,(2008)
349571,349571,海月姫,(2014)
350894,350894,ワイルドカード,(2014)
331238,331238,マンマ・ミーア！,(2008)
159880,159880,ラスト・ハーレム,(1999)
161563,161563,ハンニバル,(2001)
359248,359248,アリーキャット,(2016)
341837,341837,THE GREY　凍える太陽,(2012)
339754,339754,冬の日,(2011)
352315,352315,ラスト・リベンジ,(2014)
238161,238161,I am Sam　アイ・アム・サム,(2001)
359118,359118,夜は短し歩けよ乙女,(2017)
350823,350823,アメリカン・スナイパー,(2014)
335957,335957,オーケストラ！,(2009)
338944,338944,メカニック,(2011)
161226,161226,秘密,(1999)
354960,354960,ヘイトフル・エイト,(2015)
364704,364704,どうしようもない恋の唄,(2018)
323222,323222,ザスーラ,(2005)
366005,366005,22年目の記憶,(2014)
356118,356118,花芯,(2015)
359023,359023,セル,(2016)
17580,17580,バーニング,(1981)
338077,338077,かぞくはじめました,(2010)
338698,338698,ブルーバレンタイン,(2010)
342453,342453,ただ君だけ,(2011)
343085,343085,華麗なるギャツビー,(2012)
352368,352368,カリフォルニア・ダウン,(2015)
366132,366132,THE GUILTY／ギルティ,(2018)
351029,351029,映画 ビリギャル,(2015)
338127,338127,英国王のスピーチ,(2010)
361832,361832,となりの怪物くん,(2018)
84617,84617,ジョー・ブラックをよろしく,(1998)
51832,51832,トレインスポッティング,(1996)
354239,354239,ズートピア,(2016)
365792,365792,君は月夜に光り輝く,(2019)
234692,234692,ムーラン・ルージュ,(2001)
162847,162847,サトラレ　TRIBUTE to a SAD GENIUS,(2000)
365194,365194,マイ・サンシャイン,(2017)
355761,355761,キング・オブ・エジプト,(2016)
360836,360836,8年越しの花嫁　奇跡の実話,(2017)
366505,366505,アラジン,(2019)
341123,341123,ドライヴ,(2011)
361754,361754,マザー！,(2017)
365499,365499,迫り来る嵐,(2017)
347552,347552,超高速！参勤交代,(2014)
326148,326148,幸せのちから,(2006)
355278,355278,海よりもまだ深く,(2016)
345554,345554,ホワイトハウス・ダウン,(2013)
329299,329299,フローズン・タイム,(2006)
335765,335765,第9地区,(2009)
349726,349726,ベイマックス,(2014)
358728,358728,くも漫。,(2017)
345041,345041,さよなら渓谷,(2013)
323400,323400,ハチミツとクローバー,(2006)
363105,363105,響-HIBIKI-,(2018)
365514,365514,ワンス・アポン・ア・タイム・イン・アメリカ／エクステンデッド版,(1984、2012)
334235,334235,ハングオーバー！　消えた花ムコと史上最悪の二日酔い,(2009)
329299,329299,フローズン・タイム,(2006)
358728,358728,くも漫。,(2017)
21391,21391,ポカホンタス,(1995)
343290,343290,コンフィデンスマン／ある詐欺師の男,(2012)
159426,159426,シティーハンタースペシャル　ザ・シークレット・サービス,(1996)
342683,342683,アウトレイジ ビヨンド,(2012)
349542,349542,おんなのこきらい,(2014)
360870,360870,フィアー・インク,(2016)
351365,351365,グッド・ライ　～いちばん優しい嘘～,(2014)
340604,340604,ラブ・アゲイン,(2011)
364270,364270,きみの鳥はうたえる,(2018)
359637,359637,ジョン・ウィック：チャプター2,(2017)
323681,323681,嫌われ松子の一生,(2006)
331247,331247,バンク・ジョブ,(2008)
363737,363737,ウィンチェスターハウス　アメリカで最も呪われた屋敷,(2018)
341090,341090,TIME／タイム,(2011)
321234,321234,マシニスト,(2004)
334016,334016,シャーロック・ホームズ,(2009)
345033,345033,清須会議,(2013)
361794,361794,ちはやふる -結び-,(2017)
365513,365513,トラさん～僕が猫になったワケ～,(2019)
349437,349437,ガーディアンズ・オブ・ギャラクシー,(2014)
351164,351164,新宿スワン,(2014)
361607,361607,嘘八百,(2017)
348197,348197,かみさまとのやくそく,(2014)
355276,355276,ディストラクション・ベイビーズ,(2016)
360777,360777,キングスマン：ゴールデン・サークル,(2017)
363776,363776,アンダー・ザ・シャドウ,(2016)
320646,320646,東京タワー,(2004)
357030,357030,恋妻家宮本,(2016)
361989,361989,リバーズ・エッジ,(2017)
366666,366666,アイアンガール　FINAL WARS,(2019)
357030,357030,恋妻家宮本,(2016)
343285,343285,ザ・レイド,(2011)
357282,357282,3月のライオン　後編,(2017)
359635,359635,ライフ,(2017)
346345,346345,ディアトロフ・インシデント,(2012)
359284,359284,イップ・マン　継承,(2016)
236574,236574,バニラ・スカイ,(2001)
333529,333529,南極料理人,(2009)
339772,339772,トライアングル,(2009)
354600,354600,キャロル,(2015)
363809,363809,コーヒーが冷めないうちに,(2018)
355704,355704,ゴーストバスターズ,(2016)
86197,86197,幻の湖,(1982)
359331,359331,エンド・オブ・トンネル,(2016)
340406,340406,荒川アンダー ザ ブリッジ THE MOVIE,(2011)
340466,340466,ファイナル・デッドブリッジ,(2011)
324563,324563,硫黄島からの手紙,(2006)
360522,360522,彼女の人生は間違いじゃない,(2017)
344047,344047,恋愛だけじゃダメかしら？,(2012)
348610,348610,マレフィセント,(2014)
363810,363810,アメリカン・アサシン,(2017)
355349,355349,少女,(2016)
362015,362015,富美子の足,(2018)
365014,365014,ねことじいちゃん,(2018)
161840,161840,黒い家,(1999)
234051,234051,陰陽師 ～おんみょうじ～,(2001)
326220,326220,プレステージ,(2006)
330912,330912,ベンジャミン・バトン　数奇な人生,(2008)
348427,348427,リトル・フォレスト　夏・秋,(2014)
326063,326063,リトル・ミス・サンシャイン,(2006)
332755,332755,クローズZERO II,(2009)
348804,348804,海を感じる時,(2014)
348804,348804,海を感じる時,(2014)
361221,361221,伊藤くん A to E,(2018)
356113,356113,永い言い訳,(2016)
354903,354903,森山中教習所,(2015)
3608,3608,おしゃれ泥棒,(1966)
346341,346341,クロニクル,(2012)
351635,351635,天空の蜂,(2015)
351201,351201,フォーカス,(2015)
358093,358093,MERU／メルー,(2015)
363557,363557,ブリグズビー・ベア,(2017)
25717,25717,ロッキー,(1976)
343365,343365,脳男,(2013)
365012,365012,春待つ僕ら,(2018)
235792,235792,マイノリティ・リポート,(2002)
360201,360201,リベンジ・リスト,(2016)
357898,357898,きょうのキラ君,(2017)
87939,87939,マークスの山,(1995)
352585,352585,ピクセル,(2015)
320268,320268,ターミナル,(2004)
356308,356308,海賊とよばれた男,(2016)
358186,358186,ワンダーウーマン,(2017)
340637,340637,灼熱の魂,(2010)
325606,325606,虹の女神　Rainbow Song,(2006)
346706,346706,ウォールフラワー,(2012)
357984,357984,君と100回目の恋,(2016)
6006,6006,ギルバート・グレイプ,(1993)
340705,340705,麒麟の翼　～劇場版・新参者～,(2011)
240408,240408,猟奇的な彼女,(2001)
349828,349828,情愛中毒,(2014)
351519,351519,傷だらけのふたり,(2013)
18494,18494,バラバ,(1962)
325647,325647,ディパーテッド,(2006)
355085,355085,グッドナイト・マミー,(2014)
355015,355015,タイム・トゥ・ラン,(2015)
235065,235065,ワイルド・スピード,(2001)
162856,162856,映画クレヨンしんちゃん　嵐を呼ぶモーレツ！オトナ帝国の逆襲,(2001)
362962,362962,インクレディブル・ファミリー,(2018)
335382,335382,食堂かたつむり,(2010)
348872,348872,ラストミッション,(2014)
352384,352384,ミッション：インポッシブル／ローグ・ネイション,(2015)
359500,359500,散歩する侵略者,(2017)
354392,354392,あやしい彼女,(2016)
86749,86749,魔王街　サディスティック・シティ,(1993)
354012,354012,無伴奏,(2015)
338050,338050,パラダイス・キス,(2011)
354512,354512,バイオハザード：ヴェンデッタ,(2017)
350235,350235,殺人の疑惑,(2013)
356084,356084,エクス・マキナ,(2015)
329291,329291,ぼくたちと駐在さんの700日戦争,(2008)
346540,346540,アナと雪の女王,(2013)
13006,13006,セント・オブ・ウーマン／夢の香り,(1992)
359076,359076,インビテーション,(2015)
323638,323638,かもめ食堂,(2005)
365572,365572,葡萄畑に帰ろう,(2017)
366269,366269,ルパン三世　グッバイ・パートナー,(2018)
240937,240937,青の炎,(2003)
346984,346984,捨てがたき人々,(2012)
330039,330039,センター・オブ・ジ・アース,(2008)
348635,348635,ホットロード,(2014)
351301,351301,スター・ウォーズ／フォースの覚醒,(2015)
364498,364498,バッド・ジーニアス　危険な天才たち,(2017)
356041,356041,ハドソン川の奇跡,(2016)
366050,366050,Back Street Girls -ゴクドルズ-,(2019)
347084,347084,ゲノムハザード　ある天才科学者の5日間,(2013)
351861,351861,リアル鬼ごっこ,(2015)
13523,13523,ターミネーター2,(1991)
234050,234050,冷静と情熱のあいだ,(2001)
353040,353040,アデライン、100年目の恋,(2015)
358926,358926,哭声／コクソン,(2016)
342513,342513,トガニ　幼き瞳の告発,(2011)
347596,347596,寄生獣,(2014)
352769,352769,アントマン,(2015)
358994,358994,打ち上げ花火、下から見るか？横から見るか？,(2017)
9889,9889,シザーハンズ,(1990)
360593,360593,勝手にふるえてろ,(2017)
360628,360628,ボン・ボヤージュ　～家族旅行は大暴走～,(2016)
28622,28622,ベイブ,(1995)
329614,329614,クローバーフィールド／HAKAISHA,(2008)
351032,351032,予告犯,(2015)
353595,353595,グリーン・インフェルノ,(2013)
365639,365639,台北暮色,(2017)
353595,353595,グリーン・インフェルノ,(2013)
348805,348805,メトロ42,(2012)
335609,335609,バレンタインデー,(2010)
338943,338943,うさぎドロップ,(2011)
318646,318646,ラブ・アクチュアリー,(2003)
363273,363273,ハン・ソロ／スター・ウォーズ・ストーリー,(2018)
236202,236202,ファニーゲーム,(1997)
364785,364785,斬、,(2018)
353189,353189,7500,(2014)
11933,11933,スティング,(1973)
236424,236424,アザーズ,(2001)
327924,327924,ホステル2,(2007)
343364,343364,ストロベリーナイト,(2013)
322116,322116,SHINOBI,(2005)
326623,326623,ブラックブック,(2006)
343364,343364,ストロベリーナイト,(2013)
11933,11933,スティング,(1973)
326201,326201,ゾディアック,(2006)
365818,365818,ザ・マウンテン　決死のサバイバル21日間,(2017)
319653,319653,ヴィレッジ,(2004)
323987,323987,タイヨウのうた,(2006)
28698,28698,ヒート,(1995)
163027,163027,千と千尋の神隠し,(2001)
322654,322654,クラッシュ,(2004)
349516,349516,海街diary,(2015)
355082,355082,アトリエの春、昼下がりの裸婦,(2014)
355934,355934,四月は君の嘘,(2016)
338644,338644,プリンセス トヨトミ,(2011)
351805,351805,チャッピー,(2015)
362627,362627,デッドプール2,(2018)
363736,363736,リミット・オブ・アサシン,(2017)
17252,17252,ネバーエンディング・ストーリー,(1984)
332814,332814,サンシャイン・クリーニング,(2008)
347053,347053,魔女の宅急便,(2014)
354289,354289,レヴェナント：蘇えりし者,(2015)
21553,21553,ボディガード,(1992)
358375,358375,ジョジョの奇妙な冒険　ダイヤモンドは砕けない　第一章,(2017)
320373,320373,オールド・ボーイ,(2003)
327389,327389,ピアノの森,(2007)
350791,350791,特捜部Q　檻の中の女,(2013)
356331,356331,グッドモーニングショー,(2016)
360660,360660,ドリーム,(2016)
13970,13970,タクシードライバー,(1976)
343721,343721,きいろいゾウ,(2012)
357342,357342,モアナと伝説の海,(2016)
346714,346714,風俗行ったら人生変わったwww,(2013)
354163,354163,ちはやふる -上の句-,(2016)
366464,366464,ONE PIECE STAMPEDE,(2019)
234828,234828,リリイ・シュシュのすべて,(2001)
1770,1770,怒りの葡萄,(1940)
363564,363564,ビューティフル・デイ,(2017)
342722,342722,ジャンゴ　繋がれざる者,(2012)
85316,85316,ディープ・ブルー,(1999)
357439,357439,男と女,(2016)
357137,357137,ライト／オフ,(2016)
349650,349650,美女と野獣,(2014)
355752,355752,インフェルノ,(2016)
337450,337450,岳 -ガク-,(2010)
20674,20674,ブレードランナー,(1982)
338510,338510,127時間,(2010)
341527,341527,青い塩,(2011)
333240,333240,セブンティーン・アゲイン,(2009)
16369,16369,永遠（とわ）に美しく…,(1992)
18114,18114,バック・トゥ・ザ・フューチャー,(1985)
322539,322539,私の頭の中の消しゴム,(2004)
347796,347796,ウォルト・ディズニーの約束,(2013)
16369,16369,永遠（とわ）に美しく…,(1992)
333240,333240,セブンティーン・アゲイン,(2009)
320267,320267,コラテラル,(2004)
352174,352174,ピッチ・パーフェクト,(2012)
348415,348415,フライト・ゲーム,(2014)
331403,331403,ワイルド・バレット,(2006)
329675,329675,西の魔女が死んだ,(2008)
333212,333212,ヱヴァンゲリヲン新劇場版：破,(2009)
364891,364891,鈴木家の嘘,(2018)
366491,366491,アベンジャーズ／エンドゲーム,(2019)
341474,341474,タッカーとデイル　史上最悪にツイてないヤツら,(2010)
350309,350309,フィフティ・シェイズ・オブ・グレイ,(2015)
10584,10584,十二人の怒れる男,(1957)
361373,361373,パディントン2,(2017)
341932,341932,ワン・デイ　23年のラブストーリー,(2011)
349742,349742,ANNIE／アニー,(2014)
361391,361391,女神の見えざる手,(2016)
349046,349046,近キョリ恋愛,(2014)
345678,345678,そして父になる,(2013)
337475,337475,ソーシャル・ネットワーク,(2010)
342773,342773,白雪姫と鏡の女王,(2012)
366398,366398,名探偵コナン　紺青の拳（こんじょうのフィスト）,(2019)
321594,321594,妖怪大戦争,(2005)
344996,344996,モネ・ゲーム,(2012)
349260,349260,LUCY／ルーシー,(2014)
365939,365939,母を亡くした時、僕は遺骨を食べたいと思った。,(2018)
365189,365189,A GHOST STORY／ア・ゴースト・ストーリー,(2017)
358066,358066,本能寺ホテル,(2017)
359150,359150,フレンチ・ラン,(2015)
349750,349750,フューリー,(2014)
343684,343684,ザ・マスター,(2012)
349921,349921,パラサイト・クリーチャーズ,(2013)
359150,359150,フレンチ・ラン,(2015)
326717,326717,ロッキー・ザ・ファイナル,(2006)
152613,152613,花より男子（だんご）,(1995)
360905,360905,氷菓,(2017)
325714,325714,NANA2,(2006)
360839,360839,スイス・アーミー・マン,(2016)
11830,11830,スター・ウォーズ,(1977)
2046,2046,いまを生きる,(1989)
363405,363405,ランペイジ 巨獣大乱闘,(2018)
364121,364121,1987、ある闘いの真実,(2017)
358659,358659,The NET　網に囚われた男,(2016)
341734,341734,レイトオータム,(2010)
144857,144857,砂の器,(1974)
366230,366230,牧師といのちの崖,(2018)
357890,357890,彼らが本気で編むときは、,(2017)
333828,333828,96時間,(2008)
85186,85186,マトリックス,(1999)
330690,330690,ヤッターマン,(2008)
338319,338319,のぼうの城,(2011)
319234,319234,スクール・オブ・ロック,(2003)
18409,18409,バベットの晩餐会,(1987)
332667,332667,MW－ムウ－,(2009)
351006,351006,ザ・デッド：インディア,(2013)
350870,350870,シンデレラ,(2015)
327689,327689,幸せのレシピ,(2007)
360976,360976,北の桜守,(2017)
241450,241450,ミスティック・リバー,(2003)
335151,335151,ケンタとジュンとカヨちゃんの国,(2009)
8601,8601,ザ・シークレット・サービス,(1993)
363360,363360,ヴェノム,(2018)
359735,359735,フィフティ・シェイズ・ダーカー,(2017)
326309,326309,Dear Friends　ディア フレンズ,(2007)
359026,359026,スパイダーマン：ホームカミング,(2017)
346339,346339,死霊館,(2013)
328795,328795,花より男子ファイナル,(2008)
336520,336520,レギオン,(2010)
163028,163028,A.I.,(2001)
322729,322729,ダ・ヴィンチ・コード,(2006)
